timeStamp,elapsed,label,responseCode,responseMessage,threadName,dataType,success,failureMessage,bytes,sentBytes,grpThreads,allThreads,Latency,IdleTime,Connect
02/05/2017 17:17,8488,10.10.3.28 CPU,,,,,true,,0,0,0,0,0,0,0
02/05/2017 17:17,24321,10.10.3.28 CPU,,,,,true,,0,0,0,0,0,0,0
02/05/2017 17:17,20900,10.10.3.28 CPU,,,,,true,,0,0,0,0,0,0,0
02/05/2017 17:17,25787,10.10.3.28 CPU,,,,,true,,0,0,0,0,0,0,0
02/05/2017 17:17,23704,10.10.3.28 CPU,,,,,true,,0,0,0,0,0,0,0
02/05/2017 17:17,21644,10.10.3.28 CPU,,,,,true,,0,0,0,0,0,0,0
02/05/2017 17:17,25056,10.10.3.28 CPU,,,,,true,,0,0,0,0,0,0,0
02/05/2017 17:17,27443,10.10.3.28 CPU,,,,,true,,0,0,0,0,0,0,0
02/05/2017 17:17,26229,10.10.3.28 CPU,,,,,true,,0,0,0,0,0,0,0
02/05/2017 17:17,25995,10.10.3.28 CPU,,,,,true,,0,0,0,0,0,0,0
02/05/2017 17:17,25479,10.10.3.28 CPU,,,,,true,,0,0,0,0,0,0,0
11/05/2017 15:40,1801,10.10.3.28 CPU,,,,,true,,0,0,0,0,0,0,0
11/05/2017 15:40,31647,10.10.3.28 CPU,,,,,true,,0,0,0,0,0,0,0
11/05/2017 15:40,22122,10.10.3.28 CPU,,,,,true,,0,0,0,0,0,0,0
11/05/2017 15:40,24606,10.10.3.28 CPU,,,,,true,,0,0,0,0,0,0,0
11/05/2017 15:40,32289,10.10.3.28 CPU,,,,,true,,0,0,0,0,0,0,0
11/05/2017 15:40,22452,10.10.3.28 CPU,,,,,true,,0,0,0,0,0,0,0
11/05/2017 15:40,19967,10.10.3.28 CPU,,,,,true,,0,0,0,0,0,0,0
11/05/2017 15:40,25285,10.10.3.28 CPU,,,,,true,,0,0,0,0,0,0,0
11/05/2017 15:40,13849,10.10.3.28 CPU,,,,,true,,0,0,0,0,0,0,0
11/05/2017 15:40,18134,10.10.3.28 CPU,,,,,true,,0,0,0,0,0,0,0
11/05/2017 15:40,25425,10.10.3.28 CPU,,,,,true,,0,0,0,0,0,0,0
11/05/2017 15:40,12879,10.10.3.28 CPU,,,,,true,,0,0,0,0,0,0,0
11/05/2017 15:40,17726,10.10.3.28 CPU,,,,,true,,0,0,0,0,0,0,0
11/05/2017 15:40,10971,10.10.3.28 CPU,,,,,true,,0,0,0,0,0,0,0
11/05/2017 15:40,1763,10.10.3.28 CPU,,,,,true,,0,0,0,0,0,0,0
11/05/2017 15:40,3885,10.10.3.28 CPU,,,,,true,,0,0,0,0,0,0,0
11/05/2017 15:40,10261,10.10.3.28 CPU,,,,,true,,0,0,0,0,0,0,0
11/05/2017 15:40,31142,10.10.3.28 CPU,,,,,true,,0,0,0,0,0,0,0
11/05/2017 15:40,28994,10.10.3.28 CPU,,,,,true,,0,0,0,0,0,0,0
11/05/2017 15:40,26563,10.10.3.28 CPU,,,,,true,,0,0,0,0,0,0,0
11/05/2017 15:40,33266,10.10.3.28 CPU,,,,,true,,0,0,0,0,0,0,0
11/05/2017 15:40,47400,10.10.3.28 CPU,,,,,true,,0,0,0,0,0,0,0
11/05/2017 15:40,38323,10.10.3.28 CPU,,,,,true,,0,0,0,0,0,0,0
11/05/2017 15:40,37507,10.10.3.28 CPU,,,,,true,,0,0,0,0,0,0,0
11/05/2017 15:40,35853,10.10.3.28 CPU,,,,,true,,0,0,0,0,0,0,0
11/05/2017 15:40,44201,10.10.3.28 CPU,,,,,true,,0,0,0,0,0,0,0
11/05/2017 15:40,21770,10.10.3.28 CPU,,,,,true,,0,0,0,0,0,0,0
11/05/2017 15:40,17486,10.10.3.28 CPU,,,,,true,,0,0,0,0,0,0,0
11/05/2017 15:40,25586,10.10.3.28 CPU,,,,,true,,0,0,0,0,0,0,0
11/05/2017 15:40,11169,10.10.3.28 CPU,,,,,true,,0,0,0,0,0,0,0
11/05/2017 15:40,7442,10.10.3.28 CPU,,,,,true,,0,0,0,0,0,0,0
11/05/2017 15:40,15897,10.10.3.28 CPU,,,,,true,,0,0,0,0,0,0,0
11/05/2017 15:40,15487,10.10.3.28 CPU,,,,,true,,0,0,0,0,0,0,0
11/05/2017 15:40,20729,10.10.3.28 CPU,,,,,true,,0,0,0,0,0,0,0
11/05/2017 15:40,9319,10.10.3.28 CPU,,,,,true,,0,0,0,0,0,0,0
11/05/2017 15:40,3513,10.10.3.28 CPU,,,,,true,,0,0,0,0,0,0,0
11/05/2017 15:40,10193,10.10.3.28 CPU,,,,,true,,0,0,0,0,0,0,0
11/05/2017 15:40,5739,10.10.3.28 CPU,,,,,true,,0,0,0,0,0,0,0
11/05/2017 15:40,11175,10.10.3.28 CPU,,,,,true,,0,0,0,0,0,0,0
11/05/2017 15:40,4842,10.10.3.28 CPU,,,,,true,,0,0,0,0,0,0,0
11/05/2017 15:40,3974,10.10.3.28 CPU,,,,,true,,0,0,0,0,0,0,0
11/05/2017 15:40,7584,10.10.3.28 CPU,,,,,true,,0,0,0,0,0,0,0
11/05/2017 15:40,400,10.10.3.28 CPU,,,,,true,,0,0,0,0,0,0,0
11/05/2017 15:40,1556,10.10.3.28 CPU,,,,,true,,0,0,0,0,0,0,0
11/05/2017 15:41,11980,10.10.3.28 CPU,,,,,true,,0,0,0,0,0,0,0
11/05/2017 15:41,589,10.10.3.28 CPU,,,,,true,,0,0,0,0,0,0,0
11/05/2017 15:41,5094,10.10.3.28 CPU,,,,,true,,0,0,0,0,0,0,0
11/05/2017 15:41,1149,10.10.3.28 CPU,,,,,true,,0,0,0,0,0,0,0
11/05/2017 15:52,4309,10.10.3.28 CPU,,,,,true,,0,0,0,0,0,0,0
11/05/2017 15:52,59755,10.10.3.28 CPU,,,,,true,,0,0,0,0,0,0,0
11/05/2017 15:52,44690,10.10.3.28 CPU,,,,,true,,0,0,0,0,0,0,0
11/05/2017 15:52,61162,10.10.3.28 CPU,,,,,true,,0,0,0,0,0,0,0
11/05/2017 15:52,71775,10.10.3.28 CPU,,,,,true,,0,0,0,0,0,0,0
11/05/2017 15:52,52460,10.10.3.28 CPU,,,,,true,,0,0,0,0,0,0,0
11/05/2017 15:52,36608,10.10.3.28 CPU,,,,,true,,0,0,0,0,0,0,0
11/05/2017 15:52,22230,10.10.3.28 CPU,,,,,true,,0,0,0,0,0,0,0
11/05/2017 15:52,46300,10.10.3.28 CPU,,,,,true,,0,0,0,0,0,0,0
11/05/2017 15:52,69724,10.10.3.28 CPU,,,,,true,,0,0,0,0,0,0,0
11/05/2017 15:52,48927,10.10.3.28 CPU,,,,,true,,0,0,0,0,0,0,0
11/05/2017 15:52,46221,10.10.3.28 CPU,,,,,true,,0,0,0,0,0,0,0
11/05/2017 15:52,24838,10.10.3.28 CPU,,,,,true,,0,0,0,0,0,0,0
11/05/2017 16:14,3097,10.10.3.28 CPU,,,,,true,,0,0,0,0,0,0,0
11/05/2017 16:14,31041,10.10.3.28 CPU,,,,,true,,0,0,0,0,0,0,0
11/05/2017 16:14,19693,10.10.3.28 CPU,,,,,true,,0,0,0,0,0,0,0
11/05/2017 16:14,31575,10.10.3.28 CPU,,,,,true,,0,0,0,0,0,0,0
11/05/2017 16:14,39884,10.10.3.28 CPU,,,,,true,,0,0,0,0,0,0,0
11/05/2017 16:14,22797,10.10.3.28 CPU,,,,,true,,0,0,0,0,0,0,0
11/05/2017 16:14,33407,10.10.3.28 CPU,,,,,true,,0,0,0,0,0,0,0
11/05/2017 16:14,35872,10.10.3.28 CPU,,,,,true,,0,0,0,0,0,0,0
11/05/2017 16:14,35933,10.10.3.28 CPU,,,,,true,,0,0,0,0,0,0,0
11/05/2017 16:14,40800,10.10.3.28 CPU,,,,,true,,0,0,0,0,0,0,0
11/05/2017 16:14,33267,10.10.3.28 CPU,,,,,true,,0,0,0,0,0,0,0
11/05/2017 16:14,34705,10.10.3.28 CPU,,,,,true,,0,0,0,0,0,0,0
11/05/2017 16:20,3733,10.10.3.28 CPU,,,,,true,,0,0,0,0,0,0,0
11/05/2017 16:20,35210,10.10.3.28 CPU,,,,,true,,0,0,0,0,0,0,0
11/05/2017 16:20,29986,10.10.3.28 CPU,,,,,true,,0,0,0,0,0,0,0
11/05/2017 16:20,32485,10.10.3.28 CPU,,,,,true,,0,0,0,0,0,0,0
11/05/2017 16:20,40964,10.10.3.28 CPU,,,,,true,,0,0,0,0,0,0,0
11/05/2017 16:20,32633,10.10.3.28 CPU,,,,,true,,0,0,0,0,0,0,0
11/05/2017 16:20,37177,10.10.3.28 CPU,,,,,true,,0,0,0,0,0,0,0
11/05/2017 16:20,41153,10.10.3.28 CPU,,,,,true,,0,0,0,0,0,0,0
11/05/2017 16:20,34340,10.10.3.28 CPU,,,,,true,,0,0,0,0,0,0,0
11/05/2017 16:20,47563,10.10.3.28 CPU,,,,,true,,0,0,0,0,0,0,0
11/05/2017 16:20,25116,10.10.3.28 CPU,,,,,true,,0,0,0,0,0,0,0
11/05/2017 17:24,2024,10.10.3.28 CPU,,,,,true,,0,0,0,0,0,0,0
11/05/2017 17:24,15846,10.10.3.28 CPU,,,,,true,,0,0,0,0,0,0,0
11/05/2017 17:24,17595,10.10.3.28 CPU,,,,,true,,0,0,0,0,0,0,0
11/05/2017 17:24,14392,10.10.3.28 CPU,,,,,true,,0,0,0,0,0,0,0
11/05/2017 17:24,17635,10.10.3.28 CPU,,,,,true,,0,0,0,0,0,0,0
11/05/2017 17:24,4096,10.10.3.28 CPU,,,,,true,,0,0,0,0,0,0,0
11/05/2017 17:24,23427,10.10.3.28 CPU,,,,,true,,0,0,0,0,0,0,0
11/05/2017 17:24,21644,10.10.3.28 CPU,,,,,true,,0,0,0,0,0,0,0
11/05/2017 17:24,23176,10.10.3.28 CPU,,,,,true,,0,0,0,0,0,0,0
11/05/2017 17:24,13140,10.10.3.28 CPU,,,,,true,,0,0,0,0,0,0,0
11/05/2017 17:36,3853,10.10.3.28 CPU,,,,,true,,0,0,0,0,0,0,0
11/05/2017 17:36,13061,10.10.3.28 CPU,,,,,true,,0,0,0,0,0,0,0
11/05/2017 17:36,9755,10.10.3.28 CPU,,,,,true,,0,0,0,0,0,0,0
11/05/2017 17:36,14530,10.10.3.28 CPU,,,,,true,,0,0,0,0,0,0,0
11/05/2017 17:36,9617,10.10.3.28 CPU,,,,,true,,0,0,0,0,0,0,0
11/05/2017 17:36,19013,10.10.3.28 CPU,,,,,true,,0,0,0,0,0,0,0
11/05/2017 17:36,21700,10.10.3.28 CPU,,,,,true,,0,0,0,0,0,0,0
11/05/2017 17:36,18675,10.10.3.28 CPU,,,,,true,,0,0,0,0,0,0,0
11/05/2017 17:36,18363,10.10.3.28 CPU,,,,,true,,0,0,0,0,0,0,0
11/05/2017 17:36,14877,10.10.3.28 CPU,,,,,true,,0,0,0,0,0,0,0
11/05/2017 18:31,2428,10.10.3.28 CPU,,,,,true,,0,0,0,0,0,0,0
11/05/2017 18:31,17461,10.10.3.28 CPU,,,,,true,,0,0,0,0,0,0,0
11/05/2017 18:31,14187,10.10.3.28 CPU,,,,,true,,0,0,0,0,0,0,0
11/05/2017 18:31,11316,10.10.3.28 CPU,,,,,true,,0,0,0,0,0,0,0
11/05/2017 18:31,16096,10.10.3.28 CPU,,,,,true,,0,0,0,0,0,0,0
11/05/2017 18:31,6994,10.10.3.28 CPU,,,,,true,,0,0,0,0,0,0,0
11/05/2017 18:31,17951,10.10.3.28 CPU,,,,,true,,0,0,0,0,0,0,0
11/05/2017 18:31,27216,10.10.3.28 CPU,,,,,true,,0,0,0,0,0,0,0
11/05/2017 18:31,21737,10.10.3.28 CPU,,,,,true,,0,0,0,0,0,0,0
11/05/2017 18:31,17972,10.10.3.28 CPU,,,,,true,,0,0,0,0,0,0,0
11/05/2017 18:38,3850,10.10.3.28 CPU,,,,,true,,0,0,0,0,0,0,0
11/05/2017 18:38,18280,10.10.3.28 CPU,,,,,true,,0,0,0,0,0,0,0
11/05/2017 18:38,19073,10.10.3.28 CPU,,,,,true,,0,0,0,0,0,0,0
11/05/2017 18:38,14317,10.10.3.28 CPU,,,,,true,,0,0,0,0,0,0,0
11/05/2017 18:38,14000,10.10.3.28 CPU,,,,,true,,0,0,0,0,0,0,0
11/05/2017 18:38,18325,10.10.3.28 CPU,,,,,true,,0,0,0,0,0,0,0
11/05/2017 18:38,16320,10.10.3.28 CPU,,,,,true,,0,0,0,0,0,0,0
11/05/2017 18:38,13253,10.10.3.28 CPU,,,,,true,,0,0,0,0,0,0,0
11/05/2017 18:38,16221,10.10.3.28 CPU,,,,,true,,0,0,0,0,0,0,0
11/05/2017 18:38,12436,10.10.3.28 CPU,,,,,true,,0,0,0,0,0,0,0
11/05/2017 18:47,5322,10.10.3.28 CPU,,,,,true,,0,0,0,0,0,0,0
11/05/2017 18:47,11190,10.10.3.28 CPU,,,,,true,,0,0,0,0,0,0,0
11/05/2017 18:47,18443,10.10.3.28 CPU,,,,,true,,0,0,0,0,0,0,0
11/05/2017 18:47,11877,10.10.3.28 CPU,,,,,true,,0,0,0,0,0,0,0
11/05/2017 18:47,15306,10.10.3.28 CPU,,,,,true,,0,0,0,0,0,0,0
11/05/2017 18:47,24017,10.10.3.28 CPU,,,,,true,,0,0,0,0,0,0,0
11/05/2017 18:47,22979,10.10.3.28 CPU,,,,,true,,0,0,0,0,0,0,0
11/05/2017 18:47,19250,10.10.3.28 CPU,,,,,true,,0,0,0,0,0,0,0
11/05/2017 18:47,12112,10.10.3.28 CPU,,,,,true,,0,0,0,0,0,0,0
11/05/2017 18:52,3859,10.10.3.28 CPU,,,,,true,,0,0,0,0,0,0,0
11/05/2017 18:52,11083,10.10.3.28 CPU,,,,,true,,0,0,0,0,0,0,0
11/05/2017 18:52,14947,10.10.3.28 CPU,,,,,true,,0,0,0,0,0,0,0
11/05/2017 18:52,11879,10.10.3.28 CPU,,,,,true,,0,0,0,0,0,0,0
11/05/2017 18:52,18576,10.10.3.28 CPU,,,,,true,,0,0,0,0,0,0,0
11/05/2017 18:52,18156,10.10.3.28 CPU,,,,,true,,0,0,0,0,0,0,0
11/05/2017 18:52,29246,10.10.3.28 CPU,,,,,true,,0,0,0,0,0,0,0
11/05/2017 18:52,19648,10.10.3.28 CPU,,,,,true,,0,0,0,0,0,0,0
11/05/2017 18:52,17766,10.10.3.28 CPU,,,,,true,,0,0,0,0,0,0,0
11/05/2017 18:52,18046,10.10.3.28 CPU,,,,,true,,0,0,0,0,0,0,0
11/05/2017 18:59,5166,10.10.3.28 CPU,,,,,true,,0,0,0,0,0,0,0
11/05/2017 18:59,21008,10.10.3.28 CPU,,,,,true,,0,0,0,0,0,0,0
11/05/2017 18:59,15326,10.10.3.28 CPU,,,,,true,,0,0,0,0,0,0,0
11/05/2017 18:59,12718,10.10.3.28 CPU,,,,,true,,0,0,0,0,0,0,0
11/05/2017 18:59,16000,10.10.3.28 CPU,,,,,true,,0,0,0,0,0,0,0
11/05/2017 18:59,22475,10.10.3.28 CPU,,,,,true,,0,0,0,0,0,0,0
11/05/2017 18:59,13968,10.10.3.28 CPU,,,,,true,,0,0,0,0,0,0,0
11/05/2017 18:59,19855,10.10.3.28 CPU,,,,,true,,0,0,0,0,0,0,0
11/05/2017 18:59,16833,10.10.3.28 CPU,,,,,true,,0,0,0,0,0,0,0
11/05/2017 18:59,9194,10.10.3.28 CPU,,,,,true,,0,0,0,0,0,0,0
11/05/2017 19:03,5955,10.10.3.28 CPU,,,,,true,,0,0,0,0,0,0,0
11/05/2017 19:03,12076,10.10.3.28 CPU,,,,,true,,0,0,0,0,0,0,0
11/05/2017 19:03,17237,10.10.3.28 CPU,,,,,true,,0,0,0,0,0,0,0
11/05/2017 19:03,10152,10.10.3.28 CPU,,,,,true,,0,0,0,0,0,0,0
11/05/2017 19:03,15217,10.10.3.28 CPU,,,,,true,,0,0,0,0,0,0,0
11/05/2017 19:03,22348,10.10.3.28 CPU,,,,,true,,0,0,0,0,0,0,0
11/05/2017 19:03,16921,10.10.3.28 CPU,,,,,true,,0,0,0,0,0,0,0
11/05/2017 19:03,15463,10.10.3.28 CPU,,,,,true,,0,0,0,0,0,0,0
11/05/2017 19:03,12289,10.10.3.28 CPU,,,,,true,,0,0,0,0,0,0,0
11/05/2017 19:03,7678,10.10.3.28 CPU,,,,,true,,0,0,0,0,0,0,0
11/05/2017 19:25,2718,10.10.3.28 CPU,,,,,true,,0,0,0,0,0,0,0
11/05/2017 19:25,10789,10.10.3.28 CPU,,,,,true,,0,0,0,0,0,0,0
11/05/2017 19:25,15920,10.10.3.28 CPU,,,,,true,,0,0,0,0,0,0,0
11/05/2017 19:25,11719,10.10.3.28 CPU,,,,,true,,0,0,0,0,0,0,0
11/05/2017 19:25,15801,10.10.3.28 CPU,,,,,true,,0,0,0,0,0,0,0
11/05/2017 19:25,21967,10.10.3.28 CPU,,,,,true,,0,0,0,0,0,0,0
11/05/2017 19:25,21359,10.10.3.28 CPU,,,,,true,,0,0,0,0,0,0,0
11/05/2017 19:25,18236,10.10.3.28 CPU,,,,,true,,0,0,0,0,0,0,0
11/05/2017 19:25,9782,10.10.3.28 CPU,,,,,true,,0,0,0,0,0,0,0
11/05/2017 19:30,4042,10.10.3.28 CPU,,,,,true,,0,0,0,0,0,0,0
11/05/2017 19:30,24701,10.10.3.28 CPU,,,,,true,,0,0,0,0,0,0,0
11/05/2017 19:30,25264,10.10.3.28 CPU,,,,,true,,0,0,0,0,0,0,0
11/05/2017 19:30,28503,10.10.3.28 CPU,,,,,true,,0,0,0,0,0,0,0
11/05/2017 19:30,27508,10.10.3.28 CPU,,,,,true,,0,0,0,0,0,0,0
11/05/2017 19:30,34970,10.10.3.28 CPU,,,,,true,,0,0,0,0,0,0,0
11/05/2017 19:30,23393,10.10.3.28 CPU,,,,,true,,0,0,0,0,0,0,0
11/05/2017 19:30,37363,10.10.3.28 CPU,,,,,true,,0,0,0,0,0,0,0
11/05/2017 19:30,11080,10.10.3.28 CPU,,,,,true,,0,0,0,0,0,0,0
11/05/2017 19:31,27540,10.10.3.28 CPU,,,,,true,,0,0,0,0,0,0,0
12/05/2017 11:30,2663,10.10.3.28 CPU,,,,,true,,0,0,0,0,0,0,0
12/05/2017 11:30,13664,10.10.3.28 CPU,,,,,true,,0,0,0,0,0,0,0
12/05/2017 11:30,9156,10.10.3.28 CPU,,,,,true,,0,0,0,0,0,0,0
12/05/2017 11:30,8228,10.10.3.28 CPU,,,,,true,,0,0,0,0,0,0,0
12/05/2017 11:30,3690,10.10.3.28 CPU,,,,,true,,0,0,0,0,0,0,0
12/05/2017 11:31,12056,10.10.3.28 CPU,,,,,true,,0,0,0,0,0,0,0
12/05/2017 11:31,20119,10.10.3.28 CPU,,,,,true,,0,0,0,0,0,0,0
12/05/2017 11:31,6274,10.10.3.28 CPU,,,,,true,,0,0,0,0,0,0,0
12/05/2017 11:31,16844,10.10.3.28 CPU,,,,,true,,0,0,0,0,0,0,0
12/05/2017 11:31,10750,10.10.3.28 CPU,,,,,true,,0,0,0,0,0,0,0
12/05/2017 11:31,36278,10.10.3.28 CPU,,,,,true,,0,0,0,0,0,0,0
12/05/2017 11:31,20034,10.10.3.28 CPU,,,,,true,,0,0,0,0,0,0,0
12/05/2017 11:43,4028,10.10.3.28 CPU,,,,,true,,0,0,0,0,0,0,0
12/05/2017 11:43,17236,10.10.3.28 CPU,,,,,true,,0,0,0,0,0,0,0
12/05/2017 11:43,17439,10.10.3.28 CPU,,,,,true,,0,0,0,0,0,0,0
12/05/2017 11:43,23533,10.10.3.28 CPU,,,,,true,,0,0,0,0,0,0,0
12/05/2017 11:43,18839,10.10.3.28 CPU,,,,,true,,0,0,0,0,0,0,0
12/05/2017 11:43,22450,10.10.3.28 CPU,,,,,true,,0,0,0,0,0,0,0
12/05/2017 11:43,29755,10.10.3.28 CPU,,,,,true,,0,0,0,0,0,0,0
12/05/2017 11:43,22284,10.10.3.28 CPU,,,,,true,,0,0,0,0,0,0,0
12/05/2017 11:43,15625,10.10.3.28 CPU,,,,,true,,0,0,0,0,0,0,0
12/05/2017 11:43,10162,10.10.3.28 CPU,,,,,true,,0,0,0,0,0,0,0
12/05/2017 12:03,2934,10.10.3.28 CPU,,,,,true,,0,0,0,0,0,0,0
12/05/2017 12:03,400,10.10.3.28 CPU,,,,,true,,0,0,0,0,0,0,0
12/05/2017 12:03,973,10.10.3.28 CPU,,,,,true,,0,0,0,0,0,0,0
12/05/2017 12:03,581,10.10.3.28 CPU,,,,,true,,0,0,0,0,0,0,0
12/05/2017 12:03,0,10.10.3.28 CPU,,,,,true,,0,0,0,0,0,0,0
12/05/2017 12:03,184,10.10.3.28 CPU,,,,,true,,0,0,0,0,0,0,0
12/05/2017 12:03,387,10.10.3.28 CPU,,,,,true,,0,0,0,0,0,0,0
12/05/2017 12:03,586,10.10.3.28 CPU,,,,,true,,0,0,0,0,0,0,0
12/05/2017 12:03,200,10.10.3.28 CPU,,,,,true,,0,0,0,0,0,0,0
12/05/2017 12:03,0,10.10.3.28 CPU,,,,,true,,0,0,0,0,0,0,0
12/05/2017 12:03,0,10.10.3.28 CPU,,,,,true,,0,0,0,0,0,0,0
12/05/2017 12:03,0,10.10.3.28 CPU,,,,,true,,0,0,0,0,0,0,0
12/05/2017 12:03,196,10.10.3.28 CPU,,,,,true,,0,0,0,0,0,0,0
12/05/2017 12:03,0,10.10.3.28 CPU,,,,,true,,0,0,0,0,0,0,0
12/05/2017 12:03,0,10.10.3.28 CPU,,,,,true,,0,0,0,0,0,0,0
12/05/2017 12:03,0,10.10.3.28 CPU,,,,,true,,0,0,0,0,0,0,0
12/05/2017 12:03,200,10.10.3.28 CPU,,,,,true,,0,0,0,0,0,0,0
12/05/2017 12:03,187,10.10.3.28 CPU,,,,,true,,0,0,0,0,0,0,0
12/05/2017 12:03,0,10.10.3.28 CPU,,,,,true,,0,0,0,0,0,0,0
12/05/2017 12:03,184,10.10.3.28 CPU,,,,,true,,0,0,0,0,0,0,0
12/05/2017 12:03,0,10.10.3.28 CPU,,,,,true,,0,0,0,0,0,0,0
12/05/2017 12:03,0,10.10.3.28 CPU,,,,,true,,0,0,0,0,0,0,0
12/05/2017 12:03,196,10.10.3.28 CPU,,,,,true,,0,0,0,0,0,0,0
12/05/2017 12:03,0,10.10.3.28 CPU,,,,,true,,0,0,0,0,0,0,0
12/05/2017 12:03,0,10.10.3.28 CPU,,,,,true,,0,0,0,0,0,0,0
12/05/2017 12:03,0,10.10.3.28 CPU,,,,,true,,0,0,0,0,0,0,0
12/05/2017 12:03,764,10.10.3.28 CPU,,,,,true,,0,0,0,0,0,0,0
12/05/2017 12:03,187,10.10.3.28 CPU,,,,,true,,0,0,0,0,0,0,0
12/05/2017 12:03,199,10.10.3.28 CPU,,,,,true,,0,0,0,0,0,0,0
12/05/2017 12:03,0,10.10.3.28 CPU,,,,,true,,0,0,0,0,0,0,0
12/05/2017 12:03,0,10.10.3.28 CPU,,,,,true,,0,0,0,0,0,0,0
12/05/2017 12:03,196,10.10.3.28 CPU,,,,,true,,0,0,0,0,0,0,0
12/05/2017 12:03,0,10.10.3.28 CPU,,,,,true,,0,0,0,0,0,0,0
12/05/2017 12:03,0,10.10.3.28 CPU,,,,,true,,0,0,0,0,0,0,0
12/05/2017 12:03,0,10.10.3.28 CPU,,,,,true,,0,0,0,0,0,0,0
12/05/2017 12:03,0,10.10.3.28 CPU,,,,,true,,0,0,0,0,0,0,0
12/05/2017 12:03,184,10.10.3.28 CPU,,,,,true,,0,0,0,0,0,0,0
12/05/2017 12:03,788,10.10.3.28 CPU,,,,,true,,0,0,0,0,0,0,0
12/05/2017 12:03,0,10.10.3.28 CPU,,,,,true,,0,0,0,0,0,0,0
12/05/2017 12:03,0,10.10.3.28 CPU,,,,,true,,0,0,0,0,0,0,0
12/05/2017 12:03,776,10.10.3.28 CPU,,,,,true,,0,0,0,0,0,0,0
12/05/2017 12:03,789,10.10.3.28 CPU,,,,,true,,0,0,0,0,0,0,0
12/05/2017 12:03,784,10.10.3.28 CPU,,,,,true,,0,0,0,0,0,0,0
12/05/2017 12:03,0,10.10.3.28 CPU,,,,,true,,0,0,0,0,0,0,0
12/05/2017 12:04,0,10.10.3.28 CPU,,,,,true,,0,0,0,0,0,0,0
12/05/2017 12:04,0,10.10.3.28 CPU,,,,,true,,0,0,0,0,0,0,0
12/05/2017 12:04,187,10.10.3.28 CPU,,,,,true,,0,0,0,0,0,0,0
12/05/2017 12:04,0,10.10.3.28 CPU,,,,,true,,0,0,0,0,0,0,0
12/05/2017 12:04,0,10.10.3.28 CPU,,,,,true,,0,0,0,0,0,0,0
12/05/2017 12:04,187,10.10.3.28 CPU,,,,,true,,0,0,0,0,0,0,0
12/05/2017 12:04,0,10.10.3.28 CPU,,,,,true,,0,0,0,0,0,0,0
12/05/2017 12:04,0,10.10.3.28 CPU,,,,,true,,0,0,0,0,0,0,0
12/05/2017 12:04,0,10.10.3.28 CPU,,,,,true,,0,0,0,0,0,0,0
12/05/2017 12:04,187,10.10.3.28 CPU,,,,,true,,0,0,0,0,0,0,0
12/05/2017 12:04,200,10.10.3.28 CPU,,,,,true,,0,0,0,0,0,0,0
12/05/2017 12:04,196,10.10.3.28 CPU,,,,,true,,0,0,0,0,0,0,0
12/05/2017 12:04,0,10.10.3.28 CPU,,,,,true,,0,0,0,0,0,0,0
12/05/2017 12:04,0,10.10.3.28 CPU,,,,,true,,0,0,0,0,0,0,0
12/05/2017 12:04,0,10.10.3.28 CPU,,,,,true,,0,0,0,0,0,0,0
12/05/2017 12:04,0,10.10.3.28 CPU,,,,,true,,0,0,0,0,0,0,0
12/05/2017 12:04,196,10.10.3.28 CPU,,,,,true,,0,0,0,0,0,0,0
12/05/2017 12:04,0,10.10.3.28 CPU,,,,,true,,0,0,0,0,0,0,0
12/05/2017 12:04,0,10.10.3.28 CPU,,,,,true,,0,0,0,0,0,0,0
12/05/2017 12:04,199,10.10.3.28 CPU,,,,,true,,0,0,0,0,0,0,0
12/05/2017 12:04,0,10.10.3.28 CPU,,,,,true,,0,0,0,0,0,0,0
12/05/2017 12:04,184,10.10.3.28 CPU,,,,,true,,0,0,0,0,0,0,0
12/05/2017 12:04,0,10.10.3.28 CPU,,,,,true,,0,0,0,0,0,0,0
12/05/2017 12:04,958,10.10.3.28 CPU,,,,,true,,0,0,0,0,0,0,0
12/05/2017 12:04,0,10.10.3.28 CPU,,,,,true,,0,0,0,0,0,0,0
12/05/2017 12:04,0,10.10.3.28 CPU,,,,,true,,0,0,0,0,0,0,0
12/05/2017 12:04,196,10.10.3.28 CPU,,,,,true,,0,0,0,0,0,0,0
12/05/2017 12:04,200,10.10.3.28 CPU,,,,,true,,0,0,0,0,0,0,0
12/05/2017 12:04,199,10.10.3.28 CPU,,,,,true,,0,0,0,0,0,0,0
12/05/2017 12:04,0,10.10.3.28 CPU,,,,,true,,0,0,0,0,0,0,0
12/05/2017 12:04,369,10.10.3.28 CPU,,,,,true,,0,0,0,0,0,0,0
12/05/2017 12:04,0,10.10.3.28 CPU,,,,,true,,0,0,0,0,0,0,0
12/05/2017 12:04,0,10.10.3.28 CPU,,,,,true,,0,0,0,0,0,0,0
12/05/2017 12:04,382,10.10.3.28 CPU,,,,,true,,0,0,0,0,0,0,0
12/05/2017 12:04,0,10.10.3.28 CPU,,,,,true,,0,0,0,0,0,0,0
12/05/2017 12:04,0,10.10.3.28 CPU,,,,,true,,0,0,0,0,0,0,0
12/05/2017 12:04,196,10.10.3.28 CPU,,,,,true,,0,0,0,0,0,0,0
12/05/2017 12:04,0,10.10.3.28 CPU,,,,,true,,0,0,0,0,0,0,0
12/05/2017 12:04,773,10.10.3.28 CPU,,,,,true,,0,0,0,0,0,0,0
12/05/2017 12:04,0,10.10.3.28 CPU,,,,,true,,0,0,0,0,0,0,0
12/05/2017 12:04,0,10.10.3.28 CPU,,,,,true,,0,0,0,0,0,0,0
12/05/2017 12:04,0,10.10.3.28 CPU,,,,,true,,0,0,0,0,0,0,0
12/05/2017 12:04,196,10.10.3.28 CPU,,,,,true,,0,0,0,0,0,0,0
12/05/2017 12:04,0,10.10.3.28 CPU,,,,,true,,0,0,0,0,0,0,0
12/05/2017 12:04,0,10.10.3.28 CPU,,,,,true,,0,0,0,0,0,0,0
12/05/2017 12:04,0,10.10.3.28 CPU,,,,,true,,0,0,0,0,0,0,0
12/05/2017 12:04,197,10.10.3.28 CPU,,,,,true,,0,0,0,0,0,0,0
12/05/2017 12:04,187,10.10.3.28 CPU,,,,,true,,0,0,0,0,0,0,0
12/05/2017 12:04,0,10.10.3.28 CPU,,,,,true,,0,0,0,0,0,0,0
12/05/2017 12:04,386,10.10.3.28 CPU,,,,,true,,0,0,0,0,0,0,0
12/05/2017 12:04,0,10.10.3.28 CPU,,,,,true,,0,0,0,0,0,0,0
12/05/2017 12:04,2133,10.10.3.28 CPU,,,,,true,,0,0,0,0,0,0,0
12/05/2017 12:04,4300,10.10.3.28 CPU,,,,,true,,0,0,0,0,0,0,0
12/05/2017 12:04,391,10.10.3.28 CPU,,,,,true,,0,0,0,0,0,0,0
12/05/2017 12:04,383,10.10.3.28 CPU,,,,,true,,0,0,0,0,0,0,0
12/05/2017 12:04,380,10.10.3.28 CPU,,,,,true,,0,0,0,0,0,0,0
12/05/2017 12:04,789,10.10.3.28 CPU,,,,,true,,0,0,0,0,0,0,0
12/05/2017 12:04,200,10.10.3.28 CPU,,,,,true,,0,0,0,0,0,0,0
12/05/2017 12:04,187,10.10.3.28 CPU,,,,,true,,0,0,0,0,0,0,0
12/05/2017 12:05,0,10.10.3.28 CPU,,,,,true,,0,0,0,0,0,0,0
12/05/2017 12:05,578,10.10.3.28 CPU,,,,,true,,0,0,0,0,0,0,0
12/05/2017 12:05,751,10.10.3.28 CPU,,,,,true,,0,0,0,0,0,0,0
12/05/2017 12:05,0,10.10.3.28 CPU,,,,,true,,0,0,0,0,0,0,0
12/05/2017 12:05,198,10.10.3.28 CPU,,,,,true,,0,0,0,0,0,0,0
12/05/2017 12:05,0,10.10.3.28 CPU,,,,,true,,0,0,0,0,0,0,0
12/05/2017 12:05,0,10.10.3.28 CPU,,,,,true,,0,0,0,0,0,0,0
12/05/2017 12:05,0,10.10.3.28 CPU,,,,,true,,0,0,0,0,0,0,0
12/05/2017 12:05,1175,10.10.3.28 CPU,,,,,true,,0,0,0,0,0,0,0
12/05/2017 12:05,973,10.10.3.28 CPU,,,,,true,,0,0,0,0,0,0,0
12/05/2017 12:05,196,10.10.3.28 CPU,,,,,true,,0,0,0,0,0,0,0
12/05/2017 12:05,187,10.10.3.28 CPU,,,,,true,,0,0,0,0,0,0,0
12/05/2017 12:05,380,10.10.3.28 CPU,,,,,true,,0,0,0,0,0,0,0
12/05/2017 12:05,387,10.10.3.28 CPU,,,,,true,,0,0,0,0,0,0,0
12/05/2017 12:05,597,10.10.3.28 CPU,,,,,true,,0,0,0,0,0,0,0
12/05/2017 12:05,0,10.10.3.28 CPU,,,,,true,,0,0,0,0,0,0,0
12/05/2017 12:05,187,10.10.3.28 CPU,,,,,true,,0,0,0,0,0,0,0
12/05/2017 12:05,0,10.10.3.28 CPU,,,,,true,,0,0,0,0,0,0,0
12/05/2017 12:05,381,10.10.3.28 CPU,,,,,true,,0,0,0,0,0,0,0
12/05/2017 12:05,0,10.10.3.28 CPU,,,,,true,,0,0,0,0,0,0,0
12/05/2017 12:05,0,10.10.3.28 CPU,,,,,true,,0,0,0,0,0,0,0
12/05/2017 12:05,0,10.10.3.28 CPU,,,,,true,,0,0,0,0,0,0,0
12/05/2017 12:05,0,10.10.3.28 CPU,,,,,true,,0,0,0,0,0,0,0
12/05/2017 12:05,196,10.10.3.28 CPU,,,,,true,,0,0,0,0,0,0,0
12/05/2017 12:05,187,10.10.3.28 CPU,,,,,true,,0,0,0,0,0,0,0
12/05/2017 12:05,578,10.10.3.28 CPU,,,,,true,,0,0,0,0,0,0,0
12/05/2017 12:05,0,10.10.3.28 CPU,,,,,true,,0,0,0,0,0,0,0
12/05/2017 12:05,393,10.10.3.28 CPU,,,,,true,,0,0,0,0,0,0,0
12/05/2017 12:05,573,10.10.3.28 CPU,,,,,true,,0,0,0,0,0,0,0
12/05/2017 12:05,578,10.10.3.28 CPU,,,,,true,,0,0,0,0,0,0,0
12/05/2017 12:05,0,10.10.3.28 CPU,,,,,true,,0,0,0,0,0,0,0
12/05/2017 12:05,393,10.10.3.28 CPU,,,,,true,,0,0,0,0,0,0,0
12/05/2017 12:05,9969,10.10.3.28 CPU,,,,,true,,0,0,0,0,0,0,0
12/05/2017 12:05,7410,10.10.3.28 CPU,,,,,true,,0,0,0,0,0,0,0
12/05/2017 12:05,8482,10.10.3.28 CPU,,,,,true,,0,0,0,0,0,0,0
12/05/2017 12:05,2719,10.10.3.28 CPU,,,,,true,,0,0,0,0,0,0,0
12/05/2017 12:05,1140,10.10.3.28 CPU,,,,,true,,0,0,0,0,0,0,0
12/05/2017 12:05,1774,10.10.3.28 CPU,,,,,true,,0,0,0,0,0,0,0
12/05/2017 12:05,769,10.10.3.28 CPU,,,,,true,,0,0,0,0,0,0,0
12/05/2017 12:05,1174,10.10.3.28 CPU,,,,,true,,0,0,0,0,0,0,0
12/05/2017 12:05,987,10.10.3.28 CPU,,,,,true,,0,0,0,0,0,0,0
12/05/2017 12:05,560,10.10.3.28 CPU,,,,,true,,0,0,0,0,0,0,0
12/05/2017 12:05,576,10.10.3.28 CPU,,,,,true,,0,0,0,0,0,0,0
12/05/2017 12:05,6315,10.10.3.28 CPU,,,,,true,,0,0,0,0,0,0,0
12/05/2017 12:05,9045,10.10.3.28 CPU,,,,,true,,0,0,0,0,0,0,0
12/05/2017 12:05,12627,10.10.3.28 CPU,,,,,true,,0,0,0,0,0,0,0
12/05/2017 12:05,4027,10.10.3.28 CPU,,,,,true,,0,0,0,0,0,0,0
12/05/2017 12:05,2931,10.10.3.28 CPU,,,,,true,,0,0,0,0,0,0,0
12/05/2017 12:05,1937,10.10.3.28 CPU,,,,,true,,0,0,0,0,0,0,0
12/05/2017 12:05,792,10.10.3.28 CPU,,,,,true,,0,0,0,0,0,0,0
12/05/2017 12:05,7673,10.10.3.28 CPU,,,,,true,,0,0,0,0,0,0,0
12/05/2017 12:05,4247,10.10.3.28 CPU,,,,,true,,0,0,0,0,0,0,0
12/05/2017 12:05,761,10.10.3.28 CPU,,,,,true,,0,0,0,0,0,0,0
12/05/2017 12:05,2719,10.10.3.28 CPU,,,,,true,,0,0,0,0,0,0,0
12/05/2017 12:05,1575,10.10.3.28 CPU,,,,,true,,0,0,0,0,0,0,0
12/05/2017 12:05,10944,10.10.3.28 CPU,,,,,true,,0,0,0,0,0,0,0
12/05/2017 12:05,25308,10.10.3.28 CPU,,,,,true,,0,0,0,0,0,0,0
12/05/2017 12:05,3519,10.10.3.28 CPU,,,,,true,,0,0,0,0,0,0,0
12/05/2017 12:05,3266,10.10.3.28 CPU,,,,,true,,0,0,0,0,0,0,0
12/05/2017 12:05,4675,10.10.3.28 CPU,,,,,true,,0,0,0,0,0,0,0
12/05/2017 12:06,3916,10.10.3.28 CPU,,,,,true,,0,0,0,0,0,0,0
12/05/2017 12:06,4286,10.10.3.28 CPU,,,,,true,,0,0,0,0,0,0,0
12/05/2017 12:06,6450,10.10.3.28 CPU,,,,,true,,0,0,0,0,0,0,0
12/05/2017 12:06,3861,10.10.3.28 CPU,,,,,true,,0,0,0,0,0,0,0
12/05/2017 13:44,2249,10.10.3.28 CPU,,,,,true,,0,0,0,0,0,0,0
12/05/2017 13:44,9680,10.10.3.28 CPU,,,,,true,,0,0,0,0,0,0,0
12/05/2017 13:44,16976,10.10.3.28 CPU,,,,,true,,0,0,0,0,0,0,0
12/05/2017 13:44,13208,10.10.3.28 CPU,,,,,true,,0,0,0,0,0,0,0
12/05/2017 13:44,14809,10.10.3.28 CPU,,,,,true,,0,0,0,0,0,0,0
12/05/2017 13:44,17379,10.10.3.28 CPU,,,,,true,,0,0,0,0,0,0,0
12/05/2017 13:44,22797,10.10.3.28 CPU,,,,,true,,0,0,0,0,0,0,0
12/05/2017 13:44,15997,10.10.3.28 CPU,,,,,true,,0,0,0,0,0,0,0
12/05/2017 13:44,17974,10.10.3.28 CPU,,,,,true,,0,0,0,0,0,0,0
12/05/2017 14:54,2538,10.10.3.28 CPU,,,,,true,,0,0,0,0,0,0,0
12/05/2017 14:54,15784,10.10.3.28 CPU,,,,,true,,0,0,0,0,0,0,0
12/05/2017 14:54,14246,10.10.3.28 CPU,,,,,true,,0,0,0,0,0,0,0
12/05/2017 14:54,12998,10.10.3.28 CPU,,,,,true,,0,0,0,0,0,0,0
12/05/2017 14:54,14346,10.10.3.28 CPU,,,,,true,,0,0,0,0,0,0,0
12/05/2017 14:54,13573,10.10.3.28 CPU,,,,,true,,0,0,0,0,0,0,0
12/05/2017 14:54,22497,10.10.3.28 CPU,,,,,true,,0,0,0,0,0,0,0
12/05/2017 14:54,18431,10.10.3.28 CPU,,,,,true,,0,0,0,0,0,0,0
12/05/2017 14:54,15948,10.10.3.28 CPU,,,,,true,,0,0,0,0,0,0,0
12/05/2017 14:54,12272,10.10.3.28 CPU,,,,,true,,0,0,0,0,0,0,0
