IP,NoOfConnection
10.10.3.28,
10.10.3.28,
10.10.3.28,
10.10.3.28,
10.10.3.28,
10.10.3.28,
10.10.3.28,
10.10.3.28,
10.10.3.28,
10.10.3.28,
10.10.3.28,
10.10.3.28,
10.10.3.28,
10.10.3.28,
10.10.3.28,
10.10.3.28,
10.10.3.28,
10.10.3.28,
10.10.3.28,
10.10.3.28,
10.10.3.28,
10.10.3.28,
10.10.3.28,
10.10.3.28,
10.10.3.28,
10.10.3.28,
10.10.3.28,
10.10.3.28,
10.10.3.28,
10.10.3.28,
10.10.3.28,
10.10.3.28,
10.10.3.28,
10.10.3.28,
10.10.3.28,
10.10.3.28,
10.10.3.28,
10.10.3.28,
10.10.3.28,
10.10.3.28,
10.10.3.28,
10.10.3.28,
10.10.3.28,
10.10.3.28,
10.10.3.28,
10.10.3.28,
10.10.3.28,
10.10.3.28,
10.10.3.28,
10.10.3.28,
10.10.3.28,
10.10.3.28,
10.10.3.28,
10.10.3.28,
10.10.3.28,
10.10.3.28,
10.10.3.28,
10.10.3.28,
10.10.3.28,
10.10.3.28,
10.10.3.28,
10.10.3.28,
10.10.3.28,
10.10.3.28,
10.10.3.28,
10.10.3.28,
10.10.3.28,
10.10.3.28,
10.10.3.28,
10.10.3.28,
10.10.3.28,
10.10.3.28,
10.10.3.28,
10.10.3.28,
10.10.3.28,
10.10.3.28,
10.10.3.28,
10.10.3.28,
10.10.3.28,
10.10.3.28,
10.10.3.28,
10.10.3.28,
10.10.3.28,
10.10.3.28,
10.10.3.28,
10.10.3.28,
10.10.3.28,
10.10.3.28,
10.10.3.28,
10.10.3.28,
10.10.3.28,
10.10.3.28,
10.10.3.28,
10.10.3.28,
10.10.3.28,
10.10.3.28,
10.10.3.28,
10.10.3.28,
10.10.3.28,
10.10.3.28,
10.10.3.28,
10.10.3.28,
10.10.3.28,
10.10.3.28,
10.10.3.28,
10.10.3.28,
10.10.3.28,
10.10.3.28,
10.10.3.28,
10.10.3.28,
10.10.3.28,
10.10.3.28,
10.10.3.28,
10.10.3.28,
10.10.3.28,
10.10.3.28,
10.10.3.28,
10.10.3.28,
10.10.3.28,
10.10.3.28,
10.10.3.28,
10.10.3.28,
10.10.3.28,
10.10.3.28,
10.10.3.28,
10.10.3.28,
10.10.3.28,
10.10.3.28,
10.10.3.28,
10.10.3.28,
IP,NoOfConnection
10.10.3.28,
10.10.3.28,
10.10.3.28,
10.10.3.28,
10.10.3.28,
10.10.3.28,
10.10.3.28,
10.10.3.28,
10.10.3.28,
10.10.3.28,
10.10.3.28,
10.10.3.28,
10.10.3.28,
10.10.3.28,
10.10.3.28,
10.10.3.28,
10.10.3.28,
10.10.3.28,
10.10.3.28,
10.10.3.28,
10.10.3.28,
10.10.3.28,
10.10.3.28,
10.10.3.28,
10.10.3.28,
10.10.3.28,
10.10.3.28,
10.10.3.28,
10.10.3.28,
10.10.3.28,
10.10.3.28,
10.10.3.28,
10.10.3.28,
10.10.3.28,
10.10.3.28,
10.10.3.28,
10.10.3.28,
10.10.3.28,
10.10.3.28,
10.10.3.28,
10.10.3.28,
10.10.3.28,
10.10.3.28,
10.10.3.28,
10.10.3.28,
10.10.3.28,
10.10.3.28,
10.10.3.28,
10.10.3.28,
10.10.3.28,
10.10.3.28,
10.10.3.28,
10.10.3.28,
10.10.3.28,
10.10.3.28,
10.10.3.28,
10.10.3.28,
10.10.3.28,
10.10.3.28,
10.10.3.28,
10.10.3.28,
10.10.3.28,
10.10.3.28,
10.10.3.28,
10.10.3.28,
10.10.3.28,
10.10.3.28,
10.10.3.28,
10.10.3.28,
10.10.3.28,
10.10.3.28,
10.10.3.28,
10.10.3.28,
10.10.3.28,
10.10.3.28,
10.10.3.28,
